No.,cif,nama_debitur,nama_sgp,frek_30days,sv_30days,Gap Transaksi,ureg_lvm,usak_lvm
354,1011777703,APRIZAL,FANDI MUCHAROM,1,100000,19,UREG,NON USAK
355,21000854786,ULAN SARI,IMRON CHAERUDIN,9,241000,11,UREG,NON USAK
356,26000564891,ZAHWA SALSABILLA,IMRON CHAERUDIN,0,0,20,UREG,NON USAK
357,26000716096,ZALIHA,FANDI MUCHAROM,0,0,20,UREG,NON USAK
358,12002250475,LISNAWATI,IMRON CHAERUDIN,0,0,20,UREG,NON USAK
359,19013027267,SUCI RAHAYU,YUNUS BAYU SAPUTRA,0,0,20,UREG,NON USAK
360,2001765171,BIYATI,FANDI MUCHAROM,0,0,20,UREG,NON USAK
361,1011888291,AHMAD FAUZI,FANDI MUCHAROM,15,850000,5,UREG,USAK GENUINE
362,1011999201,BUDI SANTOSO,IMRON CHAERUDIN,12,540000,8,UREG,NON USAK
363,1011333402,DEWI SARTIKA,YUNUS BAYU SAPUTRA,4,200000,16,UREG,NON USAK
364,1011444503,EKO PRASETYO,ZIDNY SULAIMAN NAFISA,18,920000,2,UREG,USAK GENUINE
365,1011555604,HADI WIJAYA,LEONY NISRINA ROIDAH,7,310000,13,UREG,NON USAK
366,1011666705,RUDI HERMAWAN,ALAN BRANDO,5,220000,15,UREG,NON USAK
